"15504","The World Is Yours"
"15505","Tiempo compartido"
"15508","My Little Pony Friendship is Magic: Best Gift Ever"
"15516","The Christmas Chronicles"
"15517","The Tribe"
"15525","Cam"
"15530","The Ballad of Buster Scruggs"
"15533","The Princess Switch"
"15539","Green Room"
"15549","The Sea of Trees"
"15550","Into the Forest"
"15554","Violet Evergarden: Special: Extra episode"
"15560","The Other Side of the Wind"
"15564","Bram Stoker’s Dracula"
"15566","Cape Fear"
"15570","Deuce Bigalow: European Gigolo"
"15572","Fair Game – Director’s Cut"
"15576","Jet Li’s Fearless"
"15577","Julie & Julia"
"15579","National Lampoon’s Animal House"
"15586","Stink!"
"15589","The Untold Tales of Armistead Maupin"
"15592","Vaya"
"15593","Big Miracle"
"15607","The Hurricane Heist"
"15608","Disney’s A Wrinkle in Time"
"15609","Disney’s Pirates of the Caribbean: The Curse of the Black Pearl"
"15618","American Horror Story: Cult"
"15620","The Witch"
"15655","Black Panther"
"15657","Disney’s Lilo & Stitch"
"15658","Disney’s The Emperor’s New Groove"
"15659","Maynard"
"15662","Another Cinderella Story"
"15666","Delirium"
"15671","Martian Child"
"15675","Pearl Harbor"
"15679","Stephanie"
"15680","Summer Catch"
"15685","The Hitchhiker’s Guide to the Galaxy"
"15686","The Keeping Hours"
"15687","The River Wild"
"15691","Inside the Criminal Mind"
"15693","Paradise PD"
"15694","The Comedy Lineup: Part 2"
"15695","The Laws of Thermodynamics"
"15696","Ultimate Beastmaster: Survival of the Fittest"
"15697","Undercover Law"
"15701","Bert Kreischer: Secret Time"
"15702","Ghoul"
"15703","The After Party"
"15704","The Innocents"
"15707","Deadwind"
"15708","Follow This"
"15712","Disenchantment"
"15713","Magic for Humans"
"15714","Pinky Malinky"
"15716","Stay Here"
"15717","The Motive"
"15718","To All the Boys I’ve Loved Before"
"15722","Adventures in Public School"
"15723","Hostiles"
"15725","Alexander: The Ultimate Cut"
"15728","72 Dangerous Animals: Asia"
"15730","All About the Washingtons"
"15731","Insatiable"
"15732","La casa de las flores"
"15733","Million Pound Menu"
"15734","The Guernsey Literary and Potato Peel Pie Society"
"15736","The Ponysitters Club"
"15738","Zion"
"15739","Perdida"
"15742","Flavors of Youth: International Version"
"15743","Mr. Sunshine"
"15744","On Children"
"15745","Brij Mohan Amar Rahe"
"15746","Like Father"
"15747","Emelie"
"15753","Edge of Fear"
"15756","House of Deadly Secrets"
"15760","Once in a Lifetime Sessions With Moby"
"15761","Once in a Lifetime Sessions With Nile Rodgers"
"15762","Once in a Lifetime Sessions With Noel Gallagher"
"15763","Once in a Lifetime Sessions With TLC"
"15766","Silverado"
"15767","Steel Magnolias"
"15769","Switched"
"15771","The Golden Compass"
"15772","The Informant!"
"15774","The Princess Diaries 2: Royal Engagement"
"15784","The Bleeding Edge"
"15786","Welcome to the Family"
"15787","Iliza Shlesinger: Elder Millennial"
"15788","The Warning"
"15794","Duck Duck Goose"
"15795","Father of the Year"
"15803","Going for Gold﻿"
"15805","How It Ends"
"15806","Jim Jefferies: This Is Me Now"
"15823","The Legacy of a Whitetail Deer Hunter"
"15824","The Skin of The Wolf"
"15828","Dance Academy: The Comeback"
"15830","King of Peking"
"15831","Romina"
"15846","Menace II Society"
"15854","Stealth"
"15864","We the Marines"
"15865","What We Started"
"15868","Mohawk"
"15874","La Pena Maxima"
"15877","Recovery Boys"
"15878","TAU"
"15880","Star Wars: The Last Jedi"
"15881","W. Kamau Bell: Private School Negro"
"15883","To Each"
"15885","Brain on Fire"
"15887","Derren Brown: Miracle"
"15890","Us and Them"
"15891","Hannah Gadsby: Nanette"
"15892","Encerrados"
"15897","La Hora Final"
"15898","Lust Stories"
"15899","Maktub"
"15901","Set It Up"
"15903","Sunday’s Illness"
"15904","The Imaginarium of Doctor Parnassus"
"15913","Alex Strangelove"
"15914","Ali’s Wedding"
"15922","Thor: Ragnarok"
"15924","The King’s Speech"
"15929","George Balanchine’s The Nutcracker"
"15930","He Named Me Malala"
"15931","Joseph Campbell and the Power of Myth"
"15935","Nick and Norah’s Infinite Playlist"
"15937","Outside In"
"15940","Singularity"
"15946","The Prince & Me 4: The Elephant Adventure"
"15947","Bombshell: The Hedy Lamarr Story"
"15950","Coco"
"15952","Sara’s Notebook"
"15953","Ibiza"
"15954","Steve Martin and Martin Short: An Evening You Will Forget for the Rest of Your Life"
"15958","Survivors Guide to Prison"
"15963","Tig Notaro Happy To Be Here"
"15966","Bridge to Terabithia"
"15968","Small Town Crime"
"15970","Catching Feelings"
"15972","89"
"15982","Ali Wong: Hard Knock Wife"
"15986","The Kissing Booth"
"15989","Desolation"
"15990","Hari Kondabolu: Warn Your Relatives"
"15991","Faces Places"
"15993","Anon"
"15996","End Game"
"15997","Forgive Us Our Debts"
"15999","Lo más sencillo es complicarlo todo"
"16000","Manhunt"
"16002","No Estoy Loca"
"16005","Jailbreak"
"16006","27: Gone Too Soon"
"16007","A Life of Its Own: The Truth About Medical Marijuana"
"16010","Darc"
"16011","God’s Own Country"
"16012","Hachi: A Dog’s Tale"
"16014","Hellboy II: The Golden Army"
"16015","High School Musical 3: Senior Year"
"16016","John Mulaney: Kid Gorgeous Live at Radio City"
"16018","My Perfect Romance"
"16019","Pocoyo & Cars"
"16020","Pocoyo & The Space Circus"
"16022","Reasonable Doubt"
"16028","Sometimes"
"16030","The Carter Effect"
"16031","The Clapper"
"16033","The Strange Name Movie"
"16042","Candy Jar"
"16043","Holy Goalie"
"16044","The Man Who Knew Infinity"
"16046","The Week Of"
"16047","Bill Nye: Science Guy"
"16048","Psychokinesis"
"16050","Kevin James: Never Don’t Give Up"
"16054","Dude"
"16055","Kodachrome"
"16056","Mercury 13"
"16059","Friend Request"
"16060","Pelé"
"16062","The Honeymoon Stand-Up Special: Collection"
"16063","Lakeview Terrace"
"16066","Come Sunday"
"16067","I Am Not an Easy Man"
"16070","Pickpockets"
"16071","Greg Davies: You Magnificent Beast"
"16073","24 Hours to Live"
"16074","6 Balloons"
"16075","Amateur"
"16079","Orbiter 9"
"16080","Ram Dass"
"16081","Sun Dogs"
"16082","The 4th Company"
"16084","Todo lo que sería de Lucas Lauriente"
"16086","Behind the Curtain: Todrick Hall"
"16087","Despicable Me 3"
"16088","Fary Is the New Black"
"16090","A Sort of Family"
"16093","Battlefield Earth"
"16094","Beethoven’s Christmas Adventure"
"16095","Big Time"
"16096","Body of Lies"
"16097","Cabin Fever"
"16098","Cabin Fever 2: Spring Fever"
"16101","Dare to Be Wild"
"16103","Fish People"
"16108","Mortal Kombat"
"16109","Nancy Drew"
"16110","Pirates of the Caribbean: Dead Man’s Chest"
"16111","Queen of the Damned"
"16122","The Lost Boys"
"16126","Seth Rogen’s Hilarity for Charity"
"16129","First Match"
"16130","Happy Anniversary"
"16134","Sofía Niño de Rivera: Selección natural "
"16135","The Titan"
"16139","Little Women"
"16141","The Art of War"
"16142","Men on a Mission"
"16143","Red Trees"
"16146","• Game Over, Man!"
"16147","Layla M."
"16149","Roxanne Roxanne"
"16153","Conor McGregor: Notorious"
"16154","100 Years: One Woman’s Fight for Justice"
"16156","In Search of Fellini"
"16157","Benji"
"16161","Take Your Pills"
"16162","The Legacy of a Whitetail Deer Hunter"
"16169","Ricky Gervais: Humanity"
"16170","Stretch Armstrong: The Breakout"
"16172","Kygo: Live at the Hollywood Bowl"
"16173","Troy: The Odyssey"
"16174","Septiembre, un Llanto en Silencio"
"16184","Ladies First"
"16185","Aftershock"
"16186","Benji"
"16188","For the Love of Benji"
"16189","Gad Elmaleh: American Dream"
"16190","F the Prom"
"16192","Expedition China"
"16197","Les Affamés "
"16198","Malena Pichot: Estupidez compleja"
"16199","Natalia Valdebenito: El Especial"
"16202","2307: Winter’s Dream"
"16204","Adel Karam: Live From Beirut"
"16206","Algo Muy Gordo"
"16208","Battle Drone"
"16212","Cruel Intentions 2"
"16214","Deathgrip"
"16221","I Am Number Four"
"16224","Land Gold Women"
"16226","Martian Child"
"16233","The Descent"
"16239","True to the Game"
"16240","Untraceable"
"16243","Women at War: 1939-1945"
"16244","Derren Brown: The Push"
"16245","Marlon Wayans: Woke-ish"
"16247","Heyday of the Insensitive Bastards"
"16249","People You May Know"
"16253","Winnie"
"16254","Jeepers Creepers 3"
"16255","Mute"
"16257","Forgotten"
"16258","Lincoln"
"16259","The Bachelors"
"16262","Dismissed"
"16270","Irreplaceable You"
"16274","Love Per Square Foot"
"16277","Seeing Allred"
"16278","The Ritual"
"16279","The Trader"
"16280","When We First Met"
"16281","6 Days"
"16282","The Emoji Movie"
"16285","Fred Armisen: Standup for Drummers"
"16288","Cabin Fever"
"16290","Kavin Jay: Everybody Calm Down!"
"16292","On Body and Soul"
"16293","3,000 Miles to Graceland"
"16294","42 Grams"
"16295","Aeon Flux"
"16304","How the Beatles Changed the World"
"16305","John Mellencamp: Plain Spoken"
"16309","Liberated: The New Sexual Revolution"
"16314","National Parks Adventure"
"16315","Ocean’s Eleven"
"16316","Ocean’s Thirteen"
"16317","Ocean’s Twelve"
"16318","Paint It Black"
"16321","Walk Hard: The Dewey Cox Story"
"16323","Cars 3"
"16325","Death Race: Beyond Anarchy"
"16327","The Force"
"16329","A Futile and Stupid Gesture"
"16332","Mau Nieto: Viviendo sobrio… desde el bar"
"16334","Sebastián Marcelo Wainraich"
"16336","Acts of Vengeance"
"16337","Ricardo Quevedo: Hay gente así"
"16338","Todd Glass: Act Happy"
"16341","The Open House"
"16343","Bad Day for the Cut"
"16348","Katt Williams: Great America"
"16351","Rehenes"
"16352","Unrest"
"16353","Wild Hogs"
"16357","The Man Who Would Be Polka King"
"16358","The Polka King"
"16359","Tom Segura: Disgraceful"
"16360","47 Meters Down"
"16361","Alejandro Riaño: Especial de stand up"
"16362","Captain Underpants: The First Epic Movie"
"16365","Before I Wake"
"16368","Rotten"
"16369","Mustang Island"
"16370","Pirates of the Caribbean: Dead Men Tell No Tales"
"16374","Age Of Shadows"
"16375","AlphaGo"
"16376","America’s Sweethearts"
"16377","Apollo 13"
"16383","Breakfast at Tiffany’s"
"16389","Caddyshack"
"16392","Definitely"
"16399","Lethal Weapon"
"16400","Lethal Weapon 2"
"16401","Lethal Weapon 3"
"16407","Maddman: The Steve Madden Story"
"16408","Marie Antoinette"
"16409","Martin Luther: The Idea that Changed the World"
"16413","Sharknado 5: Global Swarming"
"16426","The Vault"
"16428","Treasures From the Wreck of the Unbelievable"
"16431","Willy Wonka & the Chocolate Factory"
"16432","Dave Chappelle: Equanimity"
"16433","Fun Mom Dinner"
"16438","The Climb"
"16446","Todd Barry: Spicy Honey"
"16453","Creep 2"
"16456","Bright"
"16463","Miss Me This Christmas"
"16464","Russell Howard: Recalibrate"
"16466","You Can’t Fight Christmas"
"16468","Christmas Inheritance"
"16469","Discovering Bigfoot"
"16473","Freeway: Crack in the System"
"16475","Pottersville"
"16477","The Haunting of Helena"
"16481","Ultimate Beastmaster"
"16483","41 Dogs in My Home"
"16487","Judd Apatow: The Return"
"16490","The Santa Clause 3: The Escape Clause"
"16493","El Camino Christmas"
"16495","Trolls Holiday Special"
"16496","Craig Ferguson: Tickle Fight"
"16497","Guardians of the Galaxy Vol. 2"
"16501","Ace Ventura: Pet Detective"
"16502","Ace Ventura: When Nature Calls"
"16507","Diana: In Her Own Words"
"16509","DreamWorks Home: For the Holidays"
"16512","Forbidden Games: The Justin Fashanu Story"
"16515","My Happy Family"
"16518","The Farthest - Voyager in Space"
"16525","Voyeur"
"16526","While You Were Sleeping"
"16528","Winning"
"16532","The Queen of Spain"
"16534","Darkness Rising"
"16536","Bushwick"
"16537","Cuba and the Cameraman"
"16541","Deep"
"16543","Cherry Pop"
"16545","The Boss Baby"
"16547","Beat Bugs: All Together Now"
"16548","Brian Regan: Nunchucks and Flamethrowers"
"16549","Saving Capitalism"
"16550","The Case for Christ"
"16552","A Christmas Prince"
"16553","Jim & Andy: The Great Beyond - Featuring a Very Special, Contractually Obligated Mention of Tony Clifton"
"16557","Mudbound"
"16558","Red, White, Black, Blue Odyssey"
"16565","DeRay Davis: How to Act Black"
"16566","Hickok"
"16567","Chasing Trane: The John Coltrane Documentary"
"16569","Long Time Running"
"16576","Dizzy & Bop’s Big Adventure: The Great Music Caper"
"16578","Killing Ground"
"16581","The Journey Is the Destination"
"16585","Williams"
"16587","Eventual Salvation"
"16589","All About the Money"
"16590","It’s Not Yet Dark"
"16592","42"
"16594","Chappie"
"16595","Charlotte’s Web "
"16596","Field of Dreams"
"16603","The Bittersweet"
"16606","The Whole Nine Yards"
"16609","Undercover Grandpa"
"16610","Where the Day Takes You"
"16612","Judah Friedlander: America Is the Greatest Country in the United States"
"16613","Pup Star: Better 2Gether"
"16614","Joan Didion: The Center Will Not Hold"
"16616","Strange Weather"
"16618","The Final Master"
"16619","The Hateful Eight"
"16623","While We’re Young"
"16624","1922"
"16626","One of Us"
"16627","Smurfs: The Lost Village"
"16628","The Day I Met El Chapo: The Kate del Castillo Story"
"16629","Wheelman"
"16630","Wedding Unplanned"
"16631","Patton Oswalt: Annihilation"
"16632","Slasher: Guilty Party"
"16633","Belief: The Possession of Janet Moses"
"16635","Money"
"16636","OtherLife"
"16637","She Makes Comics"
"16639","El Especial de Alex Fernández, el Especial"
"16640","Kingdom of Us"
"16645","The Meyerowitz Stories"
"16647","Fe de etarras"
"16649","Christina P: Mother Inferior"
"16650","The Skyjacker’s Tale"
"16651","Chris Brown: Welcome to My Life"
"16652","Middle Man"
"16656","The Death and Life of Marsha P. Johnson"
"16662","13 Demons"
"16663","Cult of Chucky"
"16664","Rodney Carrington: Here Comes The Truth"
"16665","The Survivalist"
"16666","Mr. Dynamite: The Rise of James Brown"
"16667","Sleeping With Other People"
"16669","A Cinderella Story: Once Upon a Song"
"16676","Don’t Be a Menace to South Central While Drinking Your Juice in the Hood"
"16679","Generation Iron 2"
"16680","Ghost Patrol"
"16682","Ice Guardians"
"16688","Never Let Me Go"
"16694","Tokyo Idols"
"16696","Vanished"
"16697","Veronica"
"16701","Gerald’s Game "
"16702","Our Souls at Night"
"16708","Night School"
"16709","Restless Creature: Wendy Whelan"
"16712","Alien Arrival"
"16717","Carol"
"16718","Disney’s Beauty and the Beast "
"16719","Jerry Before Seinfeld"
"16720","Love, Sweat and Tears"
"16722","The Journey Is the Destination"
"16723","Rumble"
"16724","Strong Island"
"16726","First They Killed My Father"
"16727","Foo Fighters: Back and Forth"
"16731","Disney’s Pocahontas"
"16732","Ghost of the Mountains"
"16734","Jeff Dunham: Relative Disaster"
"16737","#realityhigh"
"16740","Fabrizio Copano: Solo Pienso En Mi"
"16743","Joaquín Reyes: Una y no más"
"16748","A Good American"
"16749","Hard Tide"
"16750","Carrie Pilby"
"16751","Facing Darkness"
"16753","Marc Maron: Too Real"
"16754","Newsies: The Broadway Musical"
"16755","Graduation"
"16756","Vincent N Roxxy"
"16761","Disney’s Hercules"
"16762","Disney’s Mulan"
"16772","Jaws 3"
"16774","Larceny"
"16776","Little Evil"
"16781","Requiem for a Dream"
"16782","Resurface"
"16784","Shaquille O’Neal Presents: All Star Comedy Jam: Live from Atlanta "
"16785","Shaquille O’Neal Presents: All Star Comedy Jam: Live from Dallas "
"16786","Shaquille O’Neal Presents: All Star Comedy Jam: Live from Las Vegas "
"16787","Shaquille O’Neal Presents: All Star Comedy Jam: Live from Orlando "
"16788","Shaquille O’Neal Presents: All Star Comedy Jam: Live from South Beach "
"16789","She’s Gotta Have It "
"16790","The B-Side: Elsa Dorfman’s Portrait Photography"
"16791","The Last Shaman"
"16792","The Lost Brother"
"16794","The Secret Garden"
"16795","The Squid and the Whale"
"16797","Who the F**k is that Guy"
"16798","Be Afraid"
"16799","Bring It On: Worldwide #Cheersmack"
"16800","Ryan Hamilton: Happy Face"
"16806","Feel Rich"
"16807","Lynne Koplitz: Hormonal Beast"
"16808","Sadie’s Last Days on Earth"
"16809","AWOL"
"16810","Bad Rap"
"16813","Unacknowledged"
"16814","Camera Store"
"16818","I Am Sam"
"16820","What Happened to Monday"
"16823","A New Economy"
"16824","All These Sleepless Nights"
"16825","Barbeque"
"16826","Brad Paisley’s Comedy Rodeo "
"16827","Donald Cried"
"16829","My Ex-Ex"
"16830","The Sweet Life"
"16831","The Outcasts"
"16832","Urban Hymn"
"16834","Hot Property"
"16835","Mission Control: The Unsung Heroes of Apollo"
"16838","Naked"
"16840","White Gold"
"16841","Diary of an Exorcist - Zero"
"16842","Black Site Delta"
"16845","Icarus"
"16848","Sing"
"16849","The Invisible Guardian"
"16850","Jab We Met"
"16851","The Founder"
"16856","Everyone’s Hero"
"16857","Funny Games"
"16858","Innerspace"
"16861","Maz Jobrani: Immigrant"
"16862","Nola Circus"
"16863","Opening Night"
"16864","Practical Magic"
"16869","The Astronaut’s Wife"
"16870","The Bomb"
"16872","The Last Mimzy"
"16876","The Number 23"
"16878","The Truth About Alcohol"
"16879","The Wedding Party"
"16880","Tie The Knot"
"16881","Who Gets the Dog?"
"16883","After the Reality"
"16884","Checkpoint"
"16885","Dark Night"
"16886","Taking Earth"
"16889","The Incredible Jessica James"
"16890","Joe Mande’s Award-Winning Comedy Special"
"16891","Munroe Island"
"16892","Victor"
"16893","Railroad Tigers"
"16898","Aditi Mittal: Things They Wouldn’t Let Me Say"
"16899","Ari Shaffir: Double Negative: Collection"
"16901","Rogue One: A Star Wars Story"
"16902","A Cowgirl’s Story"
"16903","Fittest on Earth: A Decade of Fitness"
"16904","Uncertain Glory"
"16907","Buddy Thunderstruck: The Maybe Pile"
"16908","Chasing Coral"
"16910","To the Bone"
"16911","Gabriel Iglesias Presents the Gentleman Jerry Rocha"
"16912","Lion"
"16913","Bad Santa 2"
"16914","Horse Dancer"
"16915","1 Mile to You"
"16921","Speech & Debate"
"16922","The Void"
"16925","Diamond Cartel"
"16926","Extraordinary: The Stan Romanek Story"
"16928","Albion: The Enchanted Stallion"
"16934","Caramel"
"16936","Dad"
"16938","Delicatessen"
"16939","Disney’s The Mighty Ducks"
"16944","Here Alone"
"16948","Liar’s Dice"
"16950","Matchstick Men"
"16951","Mixed Signals"
"16953","Out of Thin Air"
"16955","Proof of Life"
"16960","The Astronaut Farmer"
"16962","The Invisible Guest"
"16964","The Land Before Time II: The Great Valley Adventure"
"16965","The Land Before Time III: The Time of the Great Giving"
"16968","The Truth Is in the Stars"
"16977","Zip & Zap and the Marble Gang"
"16980","It’s Only the End of the World "
"16982","The Weekend"
"16983","Okja"
"16984","Chris D’Elia: Man on Fire"
"16986","American Anarchist"
"16989","Nobody Speak: Trials of the Free Press"
"16990","You Get Me"
"16993","Amar, Akbar & Tony"
"16994","Moana"
"16995","Rory Scovel Tries Stand-Up for the First Time"
"16999","The Stanford Prison Experiment"
"17001","Counterpunch"
"17006","Marco Luque: Tamo Junto"
"17007","Mr. Gaga: A True Story of Love and Dance"
"17009","Oh, Hello on Broadway"
"17010","Black Snow"
"17011","Daughters of the Dust"
"17012","Havenhurst"
"17013","Sword Master"
"17016","Shimmer Lake"
"17017","Disturbing the Peace"
"17018","Trolls"
"17019","Suite Française"
"17021","Acapulco La vida va"
"17022","Blue Gold: American Jeans"
"17024","Three"
"17025","Tunnel"
"17026","War on Everyone"
"17030","Los Últimos de Filipinas"
"17032","Saving Banksy"
"17034","1 Night"
"17036","Amor.com"
"17039","Catfight"
"17041","Chingo Bling: They Can’t Deport Us All"
"17042","Days of Grace"
"17043","Devil’s Bride "
"17047","Kardashian: The Man Who Saved O.J. Simpson"
"17048","Little Boxes"
"17052","Playing It Cool"
"17062","Yarn"
"17066","A Murder in the Park"
"17067","Casting JonBenet"
"17069","Rodney King"
"17070","Small Crimes"
"17074","Queen of Katwe"
"17075","The 101-Year-Old Man Who Skipped Out on the Bill and Disappeared"
"17076","Vir Das: Abroad Understanding"
"17077","Long Nights Short Mornings"
"17081","The Secret Life of Pets"
"17085","Sand Castle"
"17089","Tramps"
"17090","A Plastic Ocean"
"17091","Lucas Brothers: On Drugs"
"17093","Slam"
"17095","El Elegido"
"17097","Sandy Wexler"
"17099","Kevin Hart: What Now"
"17101","Kubo and the Two Strings"
"17103","El Faro De Las Orcas"
"17105","Win It All"
"17106","The BFG"
"17108","Louis C.K. 2017"
"17109","The D Train"
"17111","A Weekend with the Family"
"17113","An American Tail"
"17114","An American Tail: Fievel Goes West"
"17115","An American Tail: The Mystery of the Night Monster"
"17116","Born to Be Free"
"17117","Boy Bye"
"17120","Gremlins"
"17121","Only for One Night"
"17122","Richard Pryor: Live & Smokin’ "
"17123","Schindler’s List "
"17125","Something’s Gotta Give "
"17126","The Tenth Man"
"17127","Thunderstruck"
"17129","Trouble with the Curve"
"17135","FirstBorn"
"17137","GLOW: The Story of the Gorgeous Ladies of Wrestling"
"17140","The Discovery"
"17144","Jo Koy: Live from Seattle"
"17147","The Student Body"
"17148","USS Indianapolis: Men of Courage"
"17151","Felipe Neto: My Life Makes No Sense"
"17154","Spider"
"17155","The Most Hated Woman in America"
"17160","Ali & Nino"
"17161","Another Forever"
"17163","Fire at Sea"
"17165","Come and Find Me"
"17167","Deidra & Laney Rob a Train"
"17170","Naledi: A Baby Elephant’s Tale "
"17171","Pandora"
"17175","Disney’s The BFG "
"17176","Notes on Blindness"
"17177","Disney’s Pete’s Dragon "
"17178","Jim Norton: Mouthful of Shame"
"17182","Burning Sands"
"17185","The Boss’ Daughter"
"17186","Thithi"
"17187","Hands of Stone"
"17189","Amy Schumer: The Leather Special"
"17194","Blazing Saddles"
"17196","Deep Run"
"17199","Friday After Next"
"17203","Impossible Dreamers"
"17207","Know Your Enemy — Japan"
"17209","Let There Be Light"
"17213","Nazi Concentration Camps"
"17215","Rolling Stones: Crossfire Hurricane"
"17216","San Pietro"
"17217","Singing with Angels"
"17218","Slums of Beverly Hills"
"17219","Sustainable"
"17221","The Craft"
"17223","The Memphis Belle: A Story of a Flying Fortress"
"17224","The Negro Soldier"
"17225","This Is Spinal Tap"
"17226","Thunderbolt"
"17227","Tunisian Victory"
"17228","Be Here Now"
"17229","Michael Birbiglia: Thank God for Jokes"
"17230","Brazilian Western"
"17231","Night Will Fall"
"17232","I Don’t Feel at Home in This World Anymore "
"17234","Ultimate Beastmaster"
"17235","Ultimate Beastmaster Mexico"
"17237","Sausage Party"
"17239","Growing Up Wild"
"17240","Tini: El Gran Cambio De Violetta"
"17244","Kill Ratio"
"17247","Sundown"
"17248","Aram, Aram"
"17250","Fire Song"
"17251","Girlfriend’s Day "
"17252","Katherine Ryan: In Trouble"
"17253","King Cobra"
"17255","White Nights"
"17256","Code: Debugging the Gender Gap"
"17257","Magicians: Life in the Impossible"
"17260","Stronger Than the World"
"17261","Abstract: The Art of Design"
"17262","David Brent: Life on the Road"
"17263","Girl Asleep"
"17264","Tiempos Felices"
"17265","Michael Bolton’s Big, Sexy Valentine’s Day Special"
"17266","Girls Lost"
"17267","Me, Myself and Her"
"17268","Elvira I Will Give You My Life But I’m Using It"
"17269","Los Herederos"
"17271","Daniel Sosa: Sosafado"
"17272","Imperial Dreams"
"17276","Ashley Madison: Sex, Lies, and Cyber Attacks"
"17278","Babe: Pig in the City"
"17280","Balto 2: Wolf Quest"
"17284","Eleven P.M."
"17285","Finding Dory"
"17286","From This Day Forward: A Trans Love Story"
"17287","Gun Runners"
"17288","Hell-Bound Train"
"17289","Highly Strung"
"17290","Hot Biskits"
"17291","I Am Sun Mu"
"17294","Magic Mike"
"17296","Mother With a Gun"
"17299","Silver Streak"
"17300","Sun Belt Express"
"17301","The Blair Witch Project"
"17302","The Chronicles of Narnia: The Lion, the Witch & the Wardrobe"
"17305","The Girl From Chicago"
"17309","Women in Gold"
"17310","Bill Burr Stand Up Special"
"17311","Antibirth"
"17312","Swing State"
"17315","iBOY"
"17317","Shadows of Truth"
"17318","Sharknado: The 4th Awakens"
"17319","Era el Cielo"
"17320","Cristela Alonzo: Lower Classy"
"17321","Gad Gone Wild"
"17322","Hieronymus Bosch: Touched by the Devil"
"17323","Kill Command"
"17328","Papa"
"17329","Take the 10"
"17331","Good Kids"
"17332","Fatima"
"17333","Neal Brennan: 3 Mics"
"17334","Roger Corman’s Death Race 2050"
"17335","Flash of Genius"
"17336","Halloweed"
"17337","Rezort"
"17338","A Beautiful Now"
"17339","Hostage to the Devil"
"17341","Twisted Trunk, Big Fat Body"
"17344","Cardboard Boxer"
"17345","Estar O No Estar"
"17347","Aquarius "
"17348","Casablancas: The Man Who Loved Women Clinical"
"17352","Disney’s Alice Through the Looking Glass"
"17353","As I Open My Eyes"
"17355","Happily Married"
"17356","Jim Gaffigan: Cinco"
"17358","Best and Most Beautiful Things"
"17359","Ratchet and Clank"
"17360","Alpha and Omega 7"
"17361","Miss Sharon Jones!"
"17362","Under the Shadow"
"17363","Coin Heist"
"17365","Growing Up Coy"
"17370","Jen Kirkman: Just Keep Livin’?"
"17371","After Innocence"
"17376","Caddyshack"
"17381","HALO Legends"
"17384","License to Drive"
"17385","Nancy Drew"
"17386","Ocean’s Twelve"
"17388","Superman II"
"17389","Superman III"
"17390","Superman IV: The Quest for Peace"
"17392","Superman: The Movie"
"17394","The Perfect Physique"
"17397","To Be A Miss"
"17398","Trudell"
"17401","Big in Bollywood"
"17403","The Hollywood Shorties"
"17406","Captain America: Civil War"
"17408","When Hari Got Married"
"17411","Disorder"
"17412","Gabriel Iglesias: Sorry For What I Said When I Was Hungry"
"17416","Miss Stevens"
"17417","Barry"
"17421","Rats"
"17425","I Am Not a Serial Killer"
"17426","Killswitch"
"17428","Ricardo O’Farrill: Christmas Special "
"17429","Breaking a Monster"
"17431","Phantom of the Theater"
"17438","Spectral"
"17441","Blue Jay"
"17442","Homeland: Iraq Year Zero"
"17443","Reggie Watts: Spatial"
"17444","The Devil Dolls"
"17445","The Model"
"17446","Mad"
"17447","The Good Neighbor"
"17453","Angels in the Snow"
"17455","Beyond Bollywood"
"17460","David Blaine: Street Magic"
"17462","For the Love of Spock"
"17464","Glory Daze: The Life and Time of Michael Alig"
"17467","Hitler: A Career"
"17470","House of Wax"
"17472","Merry Kissmas"
"17473","National Lampoon’s Animal House "
"17475","Rainbow Time"
"17476","Rodeo & Juliet"
"17477","Swept Under"
"17479","The Angry Birds Movie"
"17481","The Legend of Bagger Vance"
"17483","The Rock"
"17484","The Spirit of Christmas"
"17486","Uncle Nick"
"17487","Waking Life"
"17489","We’re Back! A Dinosaur’s Story "
"17490","White Girl"
"17491","Wildflower"
"17492","Zero Point"
"17493","Ghost Team"
"17494","I Dream Too Much"
"17495","Level Up"
"17497","Traded"
"17498","Silver Skies"
"17502","Michael Che Matters"
"17506","Colin Quinn: The New York Story"
"17507","Divines"
"17508","Prelude to War"
"17509","San Pietro"
"17510","Sour Grapes"
"17511","The Battle of Midway"
"17512","Thunderbolt"
"17513","Tunisian Victory"
"17514","Undercover: How to Operate Behind Enemy Lines"
"17515","Why We Fight: The Battle of Russia"
"17516","WWII: Report From the Aleutians"
"17521","Paddington"
"17523","Dieter Nuhr: Nuhr in Berlin"
"17525","Men Go to Battle"
"17526","The Missing Ingredient: What Is the Recipe for Success?"
"17527","Carter High"
"17528","Chalk It Up"
"17529","Take Me to the River"
"17535","True Memoirs of an International Assassin"
"17536","Under the Sun"
"17538","Dana Carvey: Straight White Male, 60"
"17541","The Ivory Game"
"17543","Dough"
"17544","Food Choices"
"17545","Meet the Blacks"
"17547","Bob the Builder: White Christmas"
"17551","King’s Faith "
"17552","Love, Now"
"17553","Norman Lear: Just Another Version of You"
"17554","Pervert Park"
"17556","Stephen King’s Thinner "
"17557","Tales from the Darkside: The Movie"
"17558","The African Queen"
"17559","The Confessions of Thomas Quick"
"17560","The Doors"
"17562","Thomas & Friends: A Very Thomas Christmas"
"17563","Thomas & Friends: Holiday Express"
"17564","Thomas & Friends: Merry Winter Wish"
"17565","Thomas & Friends: The Christmas Engines"
"17566","Thomas & Friends: Ultimate Christmas"
"17569","7 Años "
"17570","I Am the Pretty Thing That Lives in the House"
"17571","Into the Inferno"
"17575","Kung Fu Panda 3"
"17576","Big Eyes"
"17579","Joe Rogan: Triggered"
"17584","Being George Clooney"
"17585","Chapo: El Escape del Siglo"
"17590","Sky Ladder: The Art of Cai Guo­Qiang "
"17592","Mascots"
"17593","Justin Timberlake + The Tennessee Kids"
"17595","Love Between the Covers"
"17599","Russell Peters: Almost Famous"
"17602","The Siege of Jadotville"
"17606","Chevalier"
"17607","Dartmoor Killing"
"17610","Dheepan"
"17614","Breakfast at Tiffany’s "
"17615","Dr. Dolittle: Tail to the Chief"
"17616","Fairy Tale: A True Story"
"17617","Gentleman’s Agreement "
"17618","Ghost Town"
"17619","Grizzly Man"
"17621","Millennium"
"17623","My Little Pony Equestria Girls: Legend of Everfree"
"17625","Oriented"
"17628","Pooh’s Grand Adventure: The Search for Christopher Robin "
"17629","Quiz Show"
"17630","Robotech"
"17631","RV"
"17632","Saving Mr. Wu"
"17633","Snake Eyes"
"17634","Snow Day"
"17636","The Queen of the Damned"
"17642","Amanda Knox"
"17648","Margaret Cho: PsyCHO"
"17651","Audrie & Daisy"
"17652","Iliza Shlesinger: Confirmed Kills"
"17659","Colliding Dreams"
"17661","Zootopia"
"17667","Cedric the Entertainer: Live From the Ville"
"17668","Raiders!: The Story of the Greatest Fan Film Ever Made"
"17669","The White Helmets"
"17671","Sample This"
"17674","Extremis"
"17676","London Has Fallen"
"17681","Hard Target 2"
"17682","Honey 3"
"17683","R.L. Stine’s Mostly Ghostly: One Night in Doom House "
"17684","The Finest Hours"
"17692","Bayou Maharajah: The Tragic Genius of James Booker"
"17693","Bill & Ted’s Bogus Journey "
"17695","Burn, Burn, Burn"
"17699","Easy Fortune Happy Life"
"17700","Europe’s Last Great Wilderness "
"17702","Full Out"
"17709","Indochina’s Wild Heart "
"17712","Jaws 3"
"17714","Joyful Noise"
"17715","Keepers of the Game"
"17719","Milk Money"
"17720","Practical Magic"
"17722","Sam Kinison: Breaking the Rules"
"17726","Sweeney Todd"
"17728","The Fierce Wife"
"17730","The Wicker Man"
"17733","U­571 "
"17734","Wild Madagascar"
"17736","The State of Marriage"
"17737","Rams"
"17741","Jeff Foxworthy and Larry the Cable Guy: We’ve Been Thinking … "
"17743","XOXO"
"17745","Septembers of Shiraz"
"17747","Maz Jobrani: I’m Not a Terrorist, But I’ve Played One on TV "
"17750","I’ll Sleep When I’m Dead "
"17752","The Curse of Sleeping Beauty"
"17753","The Last Heist"
"17754","Let’s Go to Prison "
"17755","Our Last Tango"
"17756","Louis C.K.: Live at the Comedy Store"
"17757","13 Cameras"
"17761","Flight of the Butterflies"
"17765","T­-Rex "
"17766","The Confirmation"
"17767","David Cross: Making America Great Again"
"17769","Punk’s Dead: SLC Punk 2 "
"17784","APEX: The Story of the Hypercar"
"17785","Beethoven’s Christmas Adventure "
"17787","Black Widow"
"17789","Deadfall"
"17790","Destination: T​eam USA "
"17793","Funny or Die Presents: Donald Trump’s The Art of the Deal: The Movie"
"17794","Holding the Man"
"17795","How to Win the U.S. Presidency"
"17796","In the Shadow of the Moon"
"17797","ISIS: Women Unveiled"
"17799","Memoria"
"17806","Teacher’s Pet "
"17807","The American Side"
"17811","The Naked Prey"
"17812","The Real Texas Chainsaw Massacre"
"17814","The Wedding Planner"
"17816","Young@Heart"
"17819","Last Chance U"
"17821","Tallulah"
"17826","Internet Famous"
"17829","Ghostheads"
"17830","Holidays"
"17831","Rebirth"
"17834","Tony Robbins: I Am Not Your Guru"
"17835","Gridlocked"
"17838","Rolling Papers"
"17840","Mustang"
"17842","The Invitation"
"17844","A War"
"17845","Brahman Naman"
"17847","The Armor of Light"
"17848","The Big Short"
"17850","41 on 41"
"17851","A Long Way From Home"
"17856","Batman: The Movie"
"17862","Blade 2"
"17863","By the People: The Election of Barack Obama"
"17866","Cinderella Man"
"17867","Conflict"
"17869","Death Race 3: Inferno"
"17872","Extremely Loud and Incredibly Close"
"17873","Gentlemen Prefer Blondes"
"17875","Hello, Dolly!"
"17877","Honey"
"17878","Insomnia"
"17880","Jim Jefferies: Freedumb"
"17881","Lalaloopsy Ponies: The Big Show"
"17882","Lethal Weapon"
"17883","Lethal Weapon 2"
"17884","Lethal Weapon 3"
"17886","Making the American Man"
"17891","Nick of Time"
"17892","Pandemic"
"17897","Stomp the Yard: Homecoming"
"17899","Terminus"
"17905","The Sting"
"17908","Watershed: Exploring A New Water Ethic for the New West"
"17909","Well Wishes"
"17910","Working Girl"
"17912","(T)ERROR"
"17914","Palio"
"17915","Life"
"17916","Cronies"
"17918","Justin Time GO!"
"17919","The Fundamentals of Caring"
"17921","Spotlight"
"17924","The Making of Life Story"
"17926","I Am Thor"
"17934","After The Spill"
"17935","Boom Bust Boom"
"17936","In the Shadow of the Moon"
"17937","Naz & Maalik"
"17938","Night Owls"
"17939","Poverty, Inc."
"17941","Top Spin"
"17942","TransFatty Lives"
"17944","Already Tomorrow in Hong Kong"
"17945","Me Him Her"
"17949","Every Thing Will Be Fine"
"17950","Jarhead 3: The Seige"
"17951","Darkweb"
"17952","Bo Burnham: Make Happy"
"17954","Hibana: Spark"
"17956","(Dis)Honesty: The Truth About Lies"
"17957","7 Chinese Brothers"
"17961","Big Stone Gap"
"17962","Bob Ross: Beauty Is Everywhere"
"17965","Conspiracy Theory: Did We Land On The Moon?"
"17966","Cuba: The Forgotten Revolution"
"17967","El Libro de Piedra"
"17968","Elizabeth: The Golden Age"
"17969","Extraordinary Tales"
"17970","Gabo: The Creation of Gabriel García Márquez "
"17972","Hadwin’s Judgement "
"17973","J. Edgar"
"17974","Jaco"
"17975","Janis: Little Girl Blue"
"17978","Lion Heart"
"17979","Meadowland"
"17981","Pokémon the Movie: Hoopa and the Clash of Ages "
"17983","Portrait of a Serial Monogamist"
"17984","Rock the Kasbah"
"17985","Sam Klemke’s Time Machine "
"17986","Second Coming"
"17987","Tab Hunter Confidential"
"17988","The Fear of 13"
"17990","The Great Alone"
"17992","The Odd Couple II"
"17993","The Resurrection of Jake the Snake"
"17994","UFOs: The Best Evidence Ever (Caught on Tape)"
"17996","What Our Fathers Did: A Nazi Legacy"
"18002","The Do-Over"
"18004","The Last Man on the Moon"
"18005","Electricity"
"18006","David and Goliath"
"18007","The Letters"
"18011","A Girl Like Her"
"18013","Kindergarten Cop 2"
"18015","We Are Still Here"
"18016","Yo Soy la Salsa"
"18017","Bleeding Heart"
"18020","They Look Like People"
"18021","Eisenstein in Guanajuato"
"18022","A Stand Up Guy"
"18023","The Chosen Ones"
"18024","Ali Wong: Baby Cobra"
"18028","Fourth Man Out"
"18031","The Keeping Room"
"18034","A Study in Sherlock"
"18035","Admiral"
"18036","Ava’s Possessions "
"18039","El Crítico "
"18040","FernGully 2: The Magical Rescue"
"18041","Finger of God"
"18042","Gary Gulman: It’s About Time "
"18044","I Am Road Comic"
"18045","Jesus Town, USA"
"18047","Kevin Hart Presents Keith Robinson: Back of the Bus Funny"
"18048","Kevin Hart Presents Lil Rel: RELevent"
"18049","Kevin Hart Presents: Plastic Cup Boyz"
"18050","My Last Day Without You"
"18051","Off the Map"
"18052","Palm Trees in the Snow"
"18053","Pleasantville"
"18054","Shark Lake"
"18055","She’s Beautiful When She’s Angry "
"18057","Sugar Coated"
"18058","Terra"
"18062","Tom Petty and the Heartbreakers: Runnin’ Down a Dream "
"18063","Who’s Driving Doug "
"18067","Special Correspondents"
"18068","Team Foxcatcher"
"18071","Minions"
"18072","Catching the Sun"
"18073","Patton Oswalt: Talking for Clapping"
"18077","Belgica"
"18081","Moonwalkers"
"18082","Steve Jobs: The Man in the Machine"
"18086","Look Who’s Back "
"18087","God’s Pocket "
"18102","Colegas"
"18106","Dennis Rodman’s Big Bang in Pyongyang "
"18116","Jeremy Scott: The People’s Designer "
"18125","Rev Run’s Sunday Suppers "
"18127","Say It Isn’t So "
"18129","Something’s Gotta Give "
"18131","The Ascent of Woman: A 10,000 Year Story"
"18135","The Perfect Storm"
"18148","Murder Rap: Inside the Biggie and Tupac Murders"
"18155","Pee-wee’s Big Holiday"
"18160","Ouija Experiment 2: Theatre of Death"
"18170","10,000 Saints"
"18188","Sin Filtro"
"18189","Hell & Back"
"18197","Ahora o Nunca"
"18203","El Desconocido"
"18205","Frog Kingdom"
"18209","Hot Sugar’s Cold World"
"18221","Theo Von"
"18242","Land Before Time: XIV: Journey of the Brave"
"18247","Charlie’s Angels "
"18267","The Little Engine That Could"
"18270","Tin Man: “Search for the Emerald” "
"18287","Moonwalkers"
"18304","It’s Always Sunny in Philadelphia"
"18321","House of Wax"
"18323","Ice Age 2: The Meltdown"
"18324","Intolerable Cruelty"
"18331","Pooh’s Heffalump Movie "
"18334","Smokin’ Aces 2: Assassins’ Ball "
"18362","Santa’s Apprentice "
"18363","Chloe and Theo"
"18367","Mike Epps: Don’t Take It Personal "
"18378","Trailer Park Boys: Drunk, High and Unemployed Live in Austin"
"18391","#DeathToSelfie"
"18392","30 for 30: Chasing Tyson"
"18400","Cradle 2 the Grave"
"18403","I’m Brent Morin "
"18404","Jenny’s Wedding "
"18406","Ray"
"18412","Stir of Echoes: The Homecoming"
"18415","Tyke: Elephant Outlaw"
"18446","Anna Karenina"
"18452","The Runner"
"18457","Beethoven’s Christmas Adventure "
"18459","Idris Elba: Mandela, My Dad and Me"
"18464","Smithsonian Channel: The Day Kennedy Died"
"18467","Thomas & Friends: The Christmas Engines"
"18482","Ain’t Them Bodies Saints "
"18490","Isabella Rossellini’s Green Porno Live! "
"18491","The Five People You Meet in Heaven: Part 1 / Part 2"
"18492","Lazarus"
"18494","Glen Campbell: I’ll Be Me "
"18499","Winter on Fire"
"18511","Tremors 5: Bloodline"
"18513","Alpha and Omega 5: Family Vacation"
"18529","El Tiempo Entre Costuras"
"18538","On the Town"
"18539","Pal Joey"
"18540","Pepe"
"18543","Reasonable Doubt"
"18546","Some Came Running"
"18547","Take Me Out to the Ball Game"
"18549","The Devil at 4 O’Clock "
"18551","The Navy SEALs: Their Untold Story"
"18562","Midnight’s Children "
"18567","Monster High: Boo York"
"18568","RL Stine’s Monsterville: Cabinet of Souls "
"18589","Cowspiracy: The Sustainability Secret"
"18598","Pixies"
"18608","Teen Beach Movie 2"
"18626","Giggle and Hoot’s Best Ever! "
"18629","Heather McDonald: I Don’t Mean to Brag "
"18633","Masters of the Universe"
"18642","Rambo III: Ultimate Edition"
"18650","The Monster Squad"
"18665","Jerk Theory"
"18672","Demetri Martin: Live"
"18675","For a Good Time, Call … "
"18680","Fred: The Movie"
"18684","Project MC2"
"18687","My Amityville Horror"
"18692","Chronic­Con, Episode 420: A New Dope "
"18695","Back in Time/Cong Cong Na Nian"
"18697","Breakup Buddies/Xin Hau Lu Fang"
"18707","Lost and Love/Shi Gu"
"18715","Somewhere Only We Know/You yi ge di fang zhi you wo men zhi dao"
"18716","Sorority Row"
"18718","The Golden Era/Huang Jin Shi Dai"
"18719","The Living"
"18721","Tyler Perry’s Meet the Browns "
"18740","Penguins of Madagascar"
"18763","Grandma’s Boy "
"18768","Piglet’s Big Movie "
"18776","Katy Perry: The Prismatic World Tour"
"18786","Backstreet Boys: Show ‘Em What You’re Made Of "
"18799","Antarctica: Year on Ice"
"18810","It’s Tough Being Loved by Jerks "
"18814","Best of Me"
"18818","La Dictadura Perfecta"
"18819","R.L. Stine’s Mostly Ghostly "
"18820","R.L. Stine’s The Haunting Hour: Don’t Think About It "
"18822","The High and Mighty"
"18833","H20 Mermaid Adventures"
"18835","Jen Kirkman: I’m Gonna Die Alone"
"18837","The Other One: The Long, Strange Trip of Bob Weir"
"18865","Tyler Perry’s A Madea Christmas "
"18869","Lalaloopsy: Festival of Sugary Sweets"
"18870","LeapFrog Letter Factory Adventures: Amazing World Explorers"
"18872","Jimi: All Is On My Side"
"18879","The Last Waltz"
"18880","The Prize Winner of Defiance, Ohio"
"18881","Underclassmen"
"18884","The Nutty Professor 2: Facing the Fear"
"18888","Chris D’Elia: Incorrigible "
"18889","They Came Together"
"18903","Knocking on Heaven’s Door "
"18910","October 1*"
"18920","The Quiet Ones"
"18921","Life Partners"
"18923","And Now … Ladies and Gentlemen… "
"18924","Bandolero"
"18929","Leprechaun 3"
"18930","Leprechaun 4: In Space"
"18931","Leprechaun 6: Back 2 tha Hood"
"18934","The Beautician and the Beast"
"18935","The Crocodile Hunter: Collision Course"
"18937","Whiteboyz"
"18938","Wrong Turn at Tahoe"
"18944","November Man"
"18947","God’s Not Dead "
"18949","Dummy"
"18950","You’re Not You "
"18959","Tyler Perry’s The Single Moms Club "
"18966","The ABCs of Death 2"
"18968","Evelyn"
"18971","Monster High: 13 Wishes"
"18975","TELEVISION"
"18981","Russell Brand: Messiah Complex"
"18997","Dwight Howard: In the Moment"
"18998","Blood Ties"
"19003","Ever After High: Spring Unsprung"
"19006","Dark Ride"
"19009","Gucci: The Director"
"19021","The Brothers Bloom"
"19023","We’re No Angels "
"19041","Bright Lights, Big City"
"19042","Chinatown"
"19046","Four Weddings and a Funeral"
"19047","Fried Green Tomatoes"
"19049","Insomnia"
"19050","Marathon Man"
"19051","Marty"
"19052","Moonstruck"
"19057","Patriot Game"
"19058","Pee-Wee’s Big Adventure "
"19074","Fear & Loathing in Las Vegas"
"19077","Jeepers Creepers 2"
"19080","TELEVISION"
"19083","The War of the Worlds"
"19085","Wayne’s World 2 "
"19097","Legends of Oz: Dorothy’s Return "
"19104","Don’t Blink "
"19107","The Village"
"19109","Drive Hard"
"19113","Ava & Lala"
"19120","A Knight’s Tale "
"19125","Friday the 13th, Parts 1-8"
"19130","Madison"
"19140","Thief"
"19141","Troop Beverly Hills"
"19145","Trailer Park Boys 3: Don’t Legalize It "
"19146","Bill Cosby 77"
"19167","Spike"
"19168","Trading Mom"
"19170","Not Yet Begun the Flight"
"19179","Altman"
"19182","The Princess Diaries 2: Royal Engagement"
"19196","Cowgirls n’Angels "
"19213","Under the Electric Sky: EDC 2013"
"19214","A Midsummer Night’s Sex Comedy"
"19217","Alice"
"19219","Annie: A Royal Adventure"
"19221","Charlie Angels: Full Throttle"
"19225","Everything You Always Wanted to Know About Sex…"
"19226","Finding Forrester"
"19228","Hit!"
"19231","Interiors"
"19235","Love and Death"
"19240","Please Subscribe: A Documentary About YouTubers"
"19245","September"
"19246","Shadow of the Vampire"
"19247","Shadows and Fog"
"19248","Shane"
"19249","Shivers"
"19250","Sleeper"
"19252","Stardust Memories"
"19261","The Wedding Planner"
"19264","Zelig"
"19269","Bad Grandpa"
"19282","Dennis Miller: America 180"
"19290","Le Week-End"
"19291","Refuge"
"19292","Your Sister’s Sister "
"19294","3 Ninjas: Kick Back"
"19295","3 Ninjas: Knuckle Up"
"19296","A Simple Plan"
"19307","Girlfight"
"19310","Jay and Silent Bob’s Super Groovy Cartoon Movie "
"19318","The Blue Lagoon"
"19321","The Unknown Known"
"19329","Dhoom: 3"
"19341","Justin Bieber’s Believe "
"19350","Blown Away"
"19353","Brian’s Song "
"19356","Chinatown"
"19361","Corky Romano"
"19364","Deep Blue"
"19365","Detective Dee: Mystery of Phantom Flame"
"19369","Evita"
"19370","Face/Off"
"19375","Lewis Black: Old Yeller: Live at the Borgata"
"19396","The Cable Guy"
"19419","Dead Man Walking"
"19420","Funny Face"
"19424","My Girl 2"
"19428","Sophie’s Choice"
"19429","Star Trek VI: The Undiscovered County"
"19433","The Karate Kid II"
"19434","The Karate Kid III"
"19435","The Last Days"
"19443","My Girl 2"
"19444","Sophie’s Choice"
"19446","Gambit"
"19457","Return to Nim’s Island"
"19464","Romeo & Juliet"
"19469","Apocalypse Now Reduz"
"19470","Barbershop"
"19471","Better Than Chocolate"
"19472","Bingo"
"19473","Blood and Chocolate"
"19477","Dance With Me"
"19479","Devil’s Knot"
"19482","First Knight"
"19483","Funny Lady"
"19485","I.Q."
"19486","I’ll Sleep When I’m Dead"
"19490","Left Behind: Tribulation Force"
"19491","Loser"
"19493","My Baby’s Daddy"
"19497","Popeye"
"19499","Rudy"
"19500","Short Circuit 2"
"19501","Swept Away"
"19502","Tetro"
"19503","The Adventures of Milo and Otis"
"19504","The Believer"
"19506","The Craft"
"19507","The Man From Snowy River"
"19508","The Mean Season"
"19511","Trailer Park Boys Live in F**kin Dublin"
"19513","Wayne’s World"
"19515","Wicker Park"
"19518","Wicker Park"
"19530","Pain and Gain"
"19533","A View to a Kill"
"19535","All I Want"
"19537","Backdraft"
"19538","Beethoven"
"19539","Boys Don’t Cry"
"19540","Bram Stoker’s Dracula"
"19541","Bridget Jones: The Edge of Reason"
"19543","Candyman"
"19546","Danny Deckchair"
"19549","Federal Hill"
"19550","Fido"
"19552","For Your Eyes Only"
"19555","Friday the 13th, Part 7: The New Blood"
"19557","From Russia with Love"
"19558","Ghidorah, The Three Headed Monster"
"19559","Godzilla Raids Again"
"19560","Godzilla vs. Monster Zero"
"19561","Godzilla: King of the Monsters"
"19562","Godzilla’s Revenge"
"19563","Goldfinger"
"19566","Ichi the Killer"
"19567","Kill Bill: Volume 1"
"19568","Kill Bill: Volume 2"
"19571","Live and Let Die"
"19572","Metallica Through the Never"
"19575","Never Say Never Again"
"19577","Paper Moon"
"19581","Rodan"
"19583","School Daze"
"19584","Shopping"
"19585","Single White Female"
"19587","St. Elmo’s Fire"
"19589","Terror of Mechagodzilla"
"19590","That’s What I Am"
"19592","The Big Chill"
"19593","The Big Hit"
"19594","The Buddy Holly Storytellers"
"19595","The City of Lost Children"
"19598","The Jewel of the Nile"
"19599","The Juror"
"19600","The Legend of Bagger Vance"
"19602","The Living Daylights"
"19604","The Pervert’s Guide to Ideology"
"19605","The Prince of Tides"
"19607","Tortilla Soup"
"19609","Winged Migration"
"19610","You Only Live Twice"
"19618","Peeples"
"19627","Ass Backwards"
"19631","Chinatown"
"19633","Coneheads"
"19635","Death Wish"
"19636","Death Wish 2"
"19639","Frankenstein’s Army"
"19640","Heaven Knows Mr. Allison"
"19642","Insidious Chapter 2"
"19643","Interior. Leather Bar"
"19645","Jan Svankmajer’s Alice"
"19648","Legend of Hell House"
"19650","Let the Fire Burn"
"19652","Man Hunt"
"19655","No Holds Barred"
"19663","Roger Dodger"
"19669","Stuart Saves the Family"
"19677","The Lady in Number 6"
"19679","The Naked Gun 2 1/2: The Smell of Fear"
"19681","The River’s Edge"
"19688","There’s No Business Like Show Business"
"19696","28 Days"
"19697","All the Pretty Horses"
"19700","Bugsy"
"19701","Center Stage"
"19702","Das Boot: The Director’s Cut"
"19703","Devil in a Blue Dress"
"19706","Dogtown and Z-Boys"
"19709","El Mariachi"
"19712","Ghostbusters II"
"19717","Midnight Express"
"19724","Silverado"
"19726","Stevie Nicks: In Your Dreams"
"19728","The Bad News Bears"
"19729","The Blair Witch Project"
"19730","The Fisher King"
"19731","The Ice Storm"
"19732","The Long Goodbye"
"19733","The Long, Hot Summer"
"19734","The Mothman Prophecies"
"19741","Wild Things"
"19744","Tyler Perry’s Temptation: Confessions of a Marriage Counselor"
"19754","Bubba Ho-Tep"
"19756","Cocoon: The Return"
"19757","Crocodile Dundee II"
"19759","Death Wish 2"
"19760","Down Periscope"
"19762","Flashdance"
"19764","In Dreams"
"19766","Leap of Faith"
"19768","Marathon Man"
"19770","North Dallas Forty"
"19771","Patriot Games"
"19776","Tales From the Darkside: The Movie"
"19781","The Hard Way"
"19782","The Naked Gun"
"19784","Hansel & Gretel: Witch Hunters"
"19786","Akeelah and the Bee"
"19794","Breakfast at Tiffany’s"
"19798","Children of a Lesser God"
"19799","Control Room"
"19804","Ghost Dog: The Way of the Samurai"
"19809","Jacob’s Ladder"
"19810","Juice"
"19816","Ninja 2"
"19817","Planes, Trains, and Automobiles"
"19821","Reindeer Games"
"19828","Texas Chainsaw 3D"
"19829","The Act of Killing"
"19837","Thelma and Louise"
"19843","What’s Eating Gilbert Grape"
"19849","Not Fade Away"
"19855","Apocalypse Now and Apocalypse Now Redux:"
"19858","Beach Blanket Bingo"
"19861","Coffy"
"19862","Cry-Baby"
"19863","Dances With Wolves:"
"19873","Once Bitten"
"19874","Our Nixon"
"19878","Robin Hood and The Sword in the Stone"
"19882","Tetro"
"19884","The Ghost and Mrs. Muir"
"19898","Caligula"
"19900","Cloak and Dagger"
"19905","Escape From Witch Mountain"
"19907","Gallipoli"
"19908","Graveyard Shift"
"19912","National Lampoon’s Christmas Vacation"
"19914","Say Anthing"
"19916","Silent Running"
"19917","Silver Bullet"
"19921","The Adventures of Buckaroo Banzai"
"19927","Twixt"
"19930","Paranormal Activity 4"
"19939","1492: Conquest of Paradise"
"19940","21, 28, 35, 42, and 49 Up"
"19943","American Gigolo"
"19946","Breaking Away"
"19949","Death Wish 2"
"19951","Disturbing Behavior"
"19959","King of New York"
"19971","The Evening Star"
"19975","The Last Days of Disco"
"19983","Doctor Dolittle"
"19984","Fear and Loathing in Las Vegas"
"19985","Frenzy"
"19986","Ghidorah"
"19987","Godzilla vs. Mothra"
"19988","he 4400"
"19989","I’m Gonna Git You Sucka"
"19993","Requiem for a Dream"
"19994","Rodan"
"19996","Scandal, season two"
"19999","The People Under the Stairs"
"20003","Wargames"
"20005","Best Worst Movie"
"20006","Born on the Fourth of July"
"20008","Clockers"
"20010","Desperado"
"20011","Do the Right Thing"
"20017","Angel Eyes"
"20020","Black Dynamite"
"20022","Blade II"
"20023","Blazing Saddles"
"20029","My Little Pony Equestria Girls: Rollercoaster of Friendship"
"20039","The Dead Pool"
"20040","The Devil's Advocate"
"20041","The Green Mile"
"20042","The Lake House"
"20043","The NeverEnding Story"
"20047","Joe Rogan: Strange Times"
"20049","Monty Python: The Meaning of Live"
"20050","Monty Python's Life of Brian"
"20051","Truth or Dare"
"20052","Creeped Out"
"20054","Violet Evergarden: Special: Extra Episode"
"20056","Dancing Queen"
"20057","Élite"
"20058","Empire Games"
"20061","Private Life"
"20062","Super Monsters Save Halloween"
"20064","The Rise of Phoenixes"
"20065","YG Future Strategy Office"
"20068","Mo Amer: The Vagabond"
"20069","Terrace House: Opening New Doors: Part 4"
"20070","22 July"
"20071","Pacto de Sangue"
"20072","Salt Fat Acid Heat"
"20074","Apostle"
"20075","Errementari: The Blacksmith and the Devil"
"20076","Feminists: What Were They Thinking?"
"20077","FightWorld"
"20078","ReMastered: Who Shot the Sheriff"
"20081","The Curious Creations of Christine McConnell"
"20083","The Haunting of Hill House"
"20086","The Seven Deadly Sins: Revival of The Commandments"
"20087","Ron White: If You Quit Listening, I'll Shut Up"
"20088","Accidentally in Love"
"20089","Ask the Doctor"
"20090","Best.Worst.Weekend.Ever.: Limited Series"
"20091","Derren Brown: Sacrifice"
"20092","Distrito salvaje"
"20093","Gnome Alone"
"20094","Haunted"
"20096","Illang: The Wolf Brigade"
"20097","Larva Island"
"20098","Making a Murderer: Part 2"
"20100","The Night Comes For Us"
"20101","Wanderlust"
"20102","Robozuna"
"20103","ADAM SANDLER 100% FRESH"
"20104","Bodyguard"
"20106","Been So Long"
"20109","Chilling Adventures of Sabrina"
"20110","Dovlatov"
"20111","Jefe"
"20112","Shirkers"
"20113","Terrorism Close Calls"
"20114","Girl from Nowhere"
"20115","Patriot Act with Hasan Minhaj"
"20116","Fate/EXTRA Last Encore: Illustrias Geocentric Theory"
"20117","The Degenerates"
"20119","GUN CITY"
