"15659","Maynard"
"15679","Stephanie"
"15739","Perdida"
"15747","Emelie"
"15787","Iliza Shlesinger: Elder Millennial"
"15881","W. Kamau Bell: Private School Negro"
"15929","George Balanchine’s The Nutcracker"
"16000","Manhunt"
"16126","Seth Rogen’s Hilarity for Charity"
"16169","Ricky Gervais: Humanity"
"16258","Lincoln"
"16305","John Mellencamp: Plain Spoken"
"16612","Judah Friedlander: America Is the Greatest Country in the United States"
"16664","Rodney Carrington: Here Comes The Truth"
"16743","Joaquín Reyes: Una y no más"
"16785","Shaquille O’Neal Presents: All Star Comedy Jam: Live from Dallas "
"16827","Donald Cried"
"16911","Gabriel Iglesias Presents the Gentleman Jerry Rocha"
"17108","Louis C.K. 2017"
"17229","Michael Birbiglia: Thank God for Jokes"
"17248","Aram, Aram"
"17265","Michael Bolton’s Big, Sexy Valentine’s Day Special"
"17412","Gabriel Iglesias: Sorry For What I Said When I Was Hungry"
"17428","Ricardo O’Farrill: Christmas Special "
"17592","Mascots"
"17593","Justin Timberlake + The Tennessee Kids"
"17979","Meadowland"
"18062","Tom Petty and the Heartbreakers: Runnin’ Down a Dream "
"18221","Theo Von"
"18403","I’m Brent Morin "
"18459","Idris Elba: Mandela, My Dad and Me"
"18494","Glen Campbell: I’ll Be Me "
"18598","Pixies"
"18629","Heather McDonald: I Don’t Mean to Brag "
"18888","Chris D’Elia: Incorrigible "
"19282","Dennis Miller: America 180"
"19341","Justin Bieber’s Believe "
"19645","Jan Svankmajer’s Alice"
"19744","Tyler Perry’s Temptation: Confessions of a Marriage Counselor"
